A_ID,P_ID,D_ID,N_ID,RoomID,AdmissionDate,DischargeDate
1,102,118,111,75,2025-03-27,2025-03-31
2,204,246,493,108,2025-03-06,2025-03-07
3,327,321,461,102,2025-01-10,2025-01-16
4,169,209,416,84,2025-01-20,2025-01-22
5,407,79,54,56,2025-03-01,2025-03-02
6,230,230,160,94,2025-02-03,2025-02-07
7,491,206,340,113,2025-02-26,2025-02-28
8,235,499,476,115,2025-03-30,2025-03-31
9,220,478,339,116,2025-01-08,2025-01-11
10,332,55,306,52,2025-01-10,2025-01-13
11,346,415,346,50,2025-02-21,2025-02-21
12,314,316,342,53,2025-02-13,2025-02-15
13,409,312,304,48,2025-02-27,2025-03-01
14,56,346,88,59,2025-03-25,2025-03-31
15,251,293,258,8,2025-03-30,2025-03-31
16,382,184,399,65,2025-02-25,2025-03-02
17,36,40,291,16,2025-03-25,2025-03-31
18,80,94,70,56,2025-02-10,2025-02-14
19,352,171,388,76,2025-02-05,2025-02-09
20,473,309,214,102,2025-03-28,2025-03-31
21,453,246,472,117,2025-03-04,2025-03-10
22,364,134,388,62,2025-01-25,2025-01-30
23,143,142,113,74,2025-01-02,2025-01-03
24,47,285,40,5,2025-01-16,2025-01-18
25,12,295,44,16,2025-01-19,2025-01-21
26,463,223,213,106,2025-02-21,2025-02-25
27,311,52,415,43,2025-03-03,2025-03-08
28,139,363,129,66,2025-01-13,2025-01-18
29,476,466,259,114,2025-03-25,2025-03-31
30,170,215,405,93,2025-03-04,2025-03-08
31,217,241,482,114,2025-01-29,2025-02-01
32,153,425,483,91,2025-02-04,2025-02-06
33,396,398,375,80,2025-02-03,2025-02-03
34,81,76,60,56,2025-03-31,2025-03-31
35,459,154,450,92,2025-03-15,2025-03-18
36,448,410,187,88,2025-01-17,2025-01-21
37,361,120,183,66,2025-01-13,2025-01-18
38,223,225,454,105,2025-02-08,2025-02-11
39,98,329,64,44,2025-02-17,2025-02-20
40,263,296,2,9,2025-01-14,2025-01-17
41,52,85,96,59,2025-03-28,2025-03-31
42,246,235,277,117,2025-03-10,2025-03-15
43,269,276,16,29,2025-03-02,2025-03-07
44,149,397,130,74,2025-03-30,2025-03-31
45,483,423,161,82,2025-01-05,2025-01-09
46,413,428,429,96,2025-01-25,2025-01-30
47,289,473,290,104,2025-01-16,2025-01-18
48,185,155,178,88,2025-01-23,2025-01-27
49,203,216,212,117,2025-03-02,2025-03-03
50,354,180,378,66,2025-03-28,2025-03-31
51,62,83,73,53,2025-03-21,2025-03-22
52,82,427,85,57,2025-03-29,2025-03-31
53,25,270,8,30,2025-01-03,2025-01-05
54,500,339,210,115,2025-03-13,2025-03-19
55,18,27,15,15,2025-02-16,2025-02-22
56,242,245,333,108,2025-03-21,2025-03-23
57,165,358,135,79,2025-02-08,2025-02-10
58,281,29,41,7,2025-01-29,2025-02-02
59,429,412,164,86,2025-02-17,2025-02-19
60,27,48,18,33,2025-03-27,2025-03-31
61,355,194,171,74,2025-01-30,2025-02-03
62,368,292,264,28,2025-01-02,2025-01-05
63,250,284,202,114,2025-02-19,2025-02-23
64,180,375,392,76,2025-01-02,2025-01-06
65,9,29,32,8,2025-01-12,2025-01-15
66,350,83,54,60,2025-01-20,2025-01-22
67,195,200,416,87,2025-03-16,2025-03-18
68,55,336,100,57,2025-01-14,2025-01-16
69,489,193,428,83,2025-01-15,2025-01-16
70,31,33,24,38,2025-01-03,2025-01-09
71,172,420,410,89,2025-03-28,2025-03-31
72,253,50,9,16,2025-02-23,2025-02-25
73,416,490,158,81,2025-02-18,2025-02-24
74,243,222,458,101,2025-01-27,2025-01-28
75,74,418,97,50,2025-02-01,2025-02-05
76,279,263,291,21,2025-03-21,2025-03-22
77,499,479,476,109,2025-02-20,2025-02-24
78,178,405,431,83,2025-01-03,2025-01-08
79,65,88,349,60,2025-01-09,2025-01-12
80,104,119,124,80,2025-01-04,2025-01-06
81,254,252,263,17,2025-01-12,2025-01-16
82,147,364,107,78,2025-02-18,2025-02-22
83,171,139,107,74,2025-03-30,2025-03-31
84,405,416,162,82,2025-01-07,2025-01-11
85,315,277,271,105,2025-01-19,2025-01-20
86,494,450,200,91,2025-02-25,2025-03-01
87,485,241,211,105,2025-02-07,2025-02-10
88,280,318,451,118,2025-03-15,2025-03-20
89,320,430,407,52,2025-02-28,2025-03-02
90,209,170,447,93,2025-02-12,2025-02-14
91,414,151,477,98,2025-02-06,2025-02-07
92,303,336,70,57,2025-02-17,2025-02-23
93,103,149,108,66,2025-02-17,2025-02-21
94,248,242,473,106,2025-03-23,2025-03-24
95,373,104,352,79,2025-02-25,2025-02-28
96,424,188,448,91,2025-02-22,2025-02-23
97,138,116,375,67,2025-01-25,2025-01-25
98,50,286,44,10,2025-03-09,2025-03-14
99,465,490,419,90,2025-01-22,2025-01-24
100,328,440,93,42,2025-03-16,2025-03-18
101,188,198,188,88,2025-03-23,2025-03-23
102,57,84,94,44,2025-03-18,2025-03-20
103,215,181,426,98,2025-01-25,2025-01-26
104,182,448,416,87,2025-02-12,2025-02-15
105,341,337,303,55,2025-03-20,2025-03-22
106,313,85,65,51,2025-03-22,2025-03-26
107,109,392,190,66,2025-02-17,2025-02-21
108,67,314,312,46,2025-02-09,2025-02-12
109,307,249,493,114,2025-03-25,2025-03-31
110,150,132,150,72,2025-03-04,2025-03-08
111,389,46,254,33,2025-03-24,2025-03-27
112,392,128,370,67,2025-03-11,2025-03-16
113,291,261,35,24,2025-03-31,2025-03-31
114,70,439,54,60,2025-02-22,2025-02-24
115,374,117,141,69,2025-01-28,2025-01-29
116,77,82,335,48,2025-02-07,2025-02-11
117,411,425,480,96,2025-01-26,2025-01-28
118,91,348,326,53,2025-02-24,2025-02-27
119,218,431,414,93,2025-02-22,2025-02-25
120,452,217,237,108,2025-02-16,2025-02-22
121,325,65,68,51,2025-03-22,2025-03-26
122,366,376,122,68,2025-02-07,2025-02-09
123,205,485,469,107,2025-01-02,2025-01-05
124,34,46,365,17,2025-03-14,2025-03-15
125,293,12,254,22,2025-03-28,2025-03-31
126,200,413,446,89,2025-01-06,2025-01-08
127,113,180,367,65,2025-03-17,2025-03-19
128,460,217,496,102,2025-03-27,2025-03-31
129,380,47,384,18,2025-02-02,2025-02-04
130,323,336,59,59,2025-03-11,2025-03-16
131,467,222,241,101,2025-03-18,2025-03-19
132,41,296,21,36,2025-02-19,2025-02-20
133,202,476,228,109,2025-02-07,2025-02-08
134,486,214,464,112,2025-01-30,2025-02-02
135,124,111,351,72,2025-02-16,2025-02-21
136,484,186,193,98,2025-01-23,2025-01-25
137,30,275,2,14,2025-02-22,2025-02-26
138,89,323,440,57,2025-03-10,2025-03-14
139,6,11,11,16,2025-03-25,2025-03-31
140,134,386,356,67,2025-01-01,2025-01-04
141,198,178,173,91,2025-01-29,2025-01-29
142,300,380,274,40,2025-02-16,2025-02-21
143,496,235,228,120,2025-01-10,2025-01-14
144,419,215,447,97,2025-02-21,2025-02-21
145,212,496,248,118,2025-03-19,2025-03-24
146,479,500,309,106,2025-01-25,2025-01-28
147,183,102,145,65,2025-01-19,2025-01-21
148,127,386,180,66,2025-01-15,2025-01-17
149,85,74,73,41,2025-01-28,2025-01-30
150,206,495,307,115,2025-01-30,2025-02-03
151,115,120,132,73,2025-02-23,2025-02-26
152,249,220,318,110,2025-02-14,2025-02-17
153,468,166,483,98,2025-01-27,2025-02-01
154,96,407,78,59,2025-03-30,2025-03-31
155,430,317,59,44,2025-01-16,2025-01-22
156,451,238,211,101,2025-03-20,2025-03-23
157,456,460,495,111,2025-01-20,2025-01-23
158,7,383,12,13,2025-02-24,2025-02-27
159,267,383,22,21,2025-01-09,2025-01-13
160,101,122,117,66,2025-03-11,2025-03-15
161,39,260,22,13,2025-01-13,2025-01-16
162,8,383,295,34,2025-03-13,2025-03-14
163,294,498,315,114,2025-03-25,2025-03-31
164,464,238,493,120,2025-03-01,2025-03-03
165,312,79,325,59,2025-02-14,2025-02-16
166,187,218,155,90,2025-01-22,2025-01-24
167,173,215,188,81,2025-02-09,2025-02-12
168,356,144,125,67,2025-02-12,2025-02-14
169,488,458,472,101,2025-02-17,2025-02-19
170,92,304,96,54,2025-02-11,2025-02-14
171,141,367,354,76,2025-03-16,2025-03-19
172,208,487,280,103,2025-02-07,2025-02-09
173,132,372,146,66,2025-01-15,2025-01-17
174,482,237,497,113,2025-01-01,2025-01-02
175,163,450,185,100,2025-03-19,2025-03-21
176,174,207,494,85,2025-02-19,2025-02-20
177,444,82,77,57,2025-01-14,2025-01-16
178,310,338,56,43,2025-02-08,2025-02-10
179,388,391,102,74,2025-02-15,2025-02-17
180,93,317,55,45,2025-02-18,2025-02-21
181,75,430,74,41,2025-01-20,2025-01-25
182,309,202,466,101,2025-03-02,2025-03-04
183,360,135,386,77,2025-01-01,2025-01-06
184,211,339,487,105,2025-03-11,2025-03-11
185,105,105,180,71,2025-03-19,2025-03-23
186,445,227,477,83,2025-01-07,2025-01-08
187,276,22,28,11,2025-02-08,2025-02-11
188,344,232,265,105,2025-01-19,2025-01-20
189,128,372,123,65,2025-03-21,2025-03-25
190,470,226,453,115,2025-01-12,2025-01-14
191,449,221,423,98,2025-01-08,2025-01-10
192,308,75,328,47,2025-01-09,2025-01-10
193,137,109,106,61,2025-03-10,2025-03-13
194,338,58,304,59,2025-03-28,2025-03-31
195,367,150,104,71,2025-01-27,2025-02-01
196,450,198,420,99,2025-03-10,2025-03-13
197,401,431,227,88,2025-01-07,2025-01-12
198,19,5,39,28,2025-02-13,2025-02-18
199,317,338,336,56,2025-02-10,2025-02-14
200,443,403,425,96,2025-01-28,2025-01-30
201,337,301,55,57,2025-03-29,2025-03-31
202,221,178,233,93,2025-03-04,2025-03-10
203,142,147,109,80,2025-03-05,2025-03-10
204,111,375,136,74,2025-01-21,2025-01-22
205,404,163,173,92,2025-01-05,2025-01-07
206,383,269,17,20,2025-02-16,2025-02-20
207,385,145,115,66,2025-03-04,2025-03-05
208,351,102,381,65,2025-02-07,2025-02-10
209,240,174,195,81,2025-03-31,2025-03-31
210,48,297,10,12,2025-02-02,2025-02-03
211,412,155,471,83,2025-01-20,2025-01-23
212,28,19,47,1,2025-01-20,2025-01-20
213,362,140,369,72,2025-01-16,2025-01-18
214,394,263,298,40,2025-01-01,2025-01-03
215,386,122,148,77,2025-03-06,2025-03-12
216,181,471,176,91,2025-02-22,2025-02-23
217,447,195,420,96,2025-02-01,2025-02-02
218,84,51,71,54,2025-03-27,2025-03-31
219,83,77,427,47,2025-03-10,2025-03-11
220,5,15,12,9,2025-01-26,2025-01-28
221,3,266,293,11,2025-01-10,2025-01-14
222,179,449,408,94,2025-03-22,2025-03-23
223,441,244,167,90,2025-01-22,2025-01-24
224,69,53,88,42,2025-01-25,2025-01-31
225,481,294,237,104,2025-01-03,2025-01-06
226,63,409,427,58,2025-02-06,2025-02-10
227,498,294,248,108,2025-02-04,2025-02-10
228,428,191,151,82,2025-01-13,2025-01-17
229,192,465,244,98,2025-01-15,2025-01-20
230,277,461,327,102,2025-01-31,2025-02-01
231,284,475,498,103,2025-01-16,2025-01-21
232,427,74,415,47,2025-01-02,2025-01-06
233,61,314,83,52,2025-01-10,2025-01-13
234,125,397,105,79,2025-03-06,2025-03-09
235,372,369,374,79,2025-02-02,2025-02-06
236,193,199,193,90,2025-01-19,2025-01-23
237,197,422,489,90,2025-02-26,2025-02-28
238,343,71,58,44,2025-03-02,2025-03-05
239,117,351,112,72,2025-01-16,2025-01-18
240,73,303,71,47,2025-03-07,2025-03-10
241,278,264,251,14,2025-03-26,2025-03-31
242,10,279,46,7,2025-03-23,2025-03-28
243,272,394,357,40,2025-01-01,2025-01-03
244,299,21,33,34,2025-03-09,2025-03-10
245,14,14,17,16,2025-01-16,2025-01-19
246,106,150,362,76,2025-03-15,2025-03-17
